{"cameraMode":{"drawMode":0,"name":"Shaded","section":"Shading Mode"},"sceneLighting":true,"audioPlay":false,"sceneViewState":{"m_AlwaysRefresh":false,"showFog":true,"showSkybox":true,"showFlares":true,"showImageEffects":true,"showParticleSystems":true,"showVisualEffectGraphs":true,"m_FxEnabled":true},"in2DMode":false,"pivot":{"x":713.4227294921875,"y":418.1856689453125,"z":26.67999267578125},"rotation":{"x":0.08759960532188416,"y":0.24889101088047028,"z":-0.022605296224355699,"w":0.964297890663147},"size":197.71298217773438,"orthographic":true}